vehicleId,vehicleTypeId
1,CAR
2,CAR
3,CAR
4,CAR
5,CAR
6,CAR
7,CAR
8,CAR
9,CAR
10,CAR
11,CAR
12,CAR
13,CAR
14,CAR
15,CAR
16,CAR
17,CAR
18,CAR
19,CAR
20,CAR
21,CAR
22,CAR
23,CAR
24,CAR
25,CAR
26,CAR
27,CAR
28,CAR
29,CAR
30,CAR
31,CAR
32,CAR
33,CAR
34,CAR
35,CAR
36,CAR
37,CAR
38,CAR
39,CAR
40,CAR
41,CAR
42,CAR
43,CAR
44,CAR
45,CAR
46,CAR
47,CAR
48,CAR
49,CAR
50,CAR
51,CAR
52,CAR
53,CAR
54,CAR
55,CAR
56,CAR
57,CAR
58,CAR
59,CAR
60,CAR
61,CAR
62,CAR
63,CAR
64,CAR
65,CAR
66,CAR
67,CAR
68,CAR
69,CAR
70,CAR
71,CAR
72,CAR
73,CAR
74,CAR
75,CAR
76,CAR
77,CAR
78,CAR
79,CAR
80,CAR
81,CAR
82,CAR
83,CAR
84,CAR
85,CAR
86,CAR
87,CAR
88,CAR
89,CAR
90,CAR
91,CAR
92,CAR
93,CAR
94,CAR
95,CAR
96,CAR
97,CAR
98,CAR
99,CAR
100,CAR
101,CAR
102,CAR
103,CAR
104,CAR
105,CAR
106,CAR
107,CAR
108,CAR
109,CAR
110,CAR
111,CAR
112,CAR
113,CAR
114,CAR
115,CAR
116,CAR
117,CAR
118,CAR
119,CAR
120,CAR
121,CAR
122,CAR
123,CAR
124,CAR
125,CAR
126,CAR
127,CAR
128,CAR
129,CAR
130,CAR
131,CAR
132,CAR
133,CAR
134,CAR
135,CAR
136,CAR
137,CAR
138,CAR
139,CAR
140,CAR
141,CAR
142,CAR
143,CAR
144,CAR
145,CAR
146,CAR
147,CAR
148,CAR
149,CAR
150,CAR
151,CAR
152,CAR
153,CAR
154,CAR
155,CAR
156,CAR
157,CAR
158,CAR
159,CAR
160,CAR
161,CAR
162,CAR
163,CAR
164,CAR
165,CAR
166,CAR
167,CAR
168,CAR
169,CAR
170,CAR
171,CAR
172,CAR
173,CAR
174,CAR
175,CAR
176,CAR
177,CAR
178,CAR
179,CAR
180,CAR
181,CAR
182,CAR
183,CAR
184,CAR
185,CAR
186,CAR
187,CAR
188,CAR
189,CAR
190,CAR
191,CAR
192,CAR
193,CAR
194,CAR
195,CAR
196,CAR
197,CAR
198,CAR
199,CAR
200,CAR
201,CAR
202,CAR
203,CAR
204,CAR
205,CAR
206,CAR
207,CAR
208,CAR
209,CAR
210,CAR
211,CAR
212,CAR
213,CAR
214,CAR
215,CAR
216,CAR
217,CAR
218,CAR
219,CAR
220,CAR
221,CAR
222,CAR
223,CAR
224,CAR
225,CAR
226,CAR
227,CAR
228,CAR
229,CAR
230,CAR
231,CAR
232,CAR
233,CAR
234,CAR
235,CAR
236,CAR
237,CAR
238,CAR
239,CAR
240,CAR
241,CAR
242,CAR
243,CAR
244,CAR
245,CAR
246,CAR
247,CAR
248,CAR
249,CAR
250,CAR
251,CAR
252,CAR
253,CAR
254,CAR
255,CAR
256,CAR
257,CAR
258,CAR
259,CAR
260,CAR
261,CAR
262,CAR
263,CAR
264,CAR
265,CAR
266,CAR
267,CAR
268,CAR
269,CAR
270,CAR
271,CAR
272,CAR
273,CAR
274,CAR
275,CAR
276,CAR
277,CAR
278,CAR
279,CAR
280,CAR
281,CAR
282,CAR
283,CAR
284,CAR
285,CAR
286,CAR
287,CAR
288,CAR
289,CAR
290,CAR
291,CAR
292,CAR
293,CAR
294,CAR
295,CAR
296,CAR
297,CAR
298,CAR
299,CAR
300,CAR
301,CAR
302,CAR
303,CAR
304,CAR
305,CAR
306,CAR
307,CAR
308,CAR
309,CAR
310,CAR
311,CAR
312,CAR
313,CAR
314,CAR
315,CAR
316,CAR
317,CAR
318,CAR
319,CAR
320,CAR
321,CAR
322,CAR
323,CAR
324,CAR
325,CAR
326,CAR
327,CAR
328,CAR
329,CAR
330,CAR
331,CAR
332,CAR
333,CAR
334,CAR
335,CAR
336,CAR
337,CAR
338,CAR
339,CAR
340,CAR
341,CAR
342,CAR
343,CAR
344,CAR
345,CAR
346,CAR
347,CAR
348,CAR
349,CAR
350,CAR
351,CAR
352,CAR
353,CAR
354,CAR
355,CAR
356,CAR
357,CAR
358,CAR
359,CAR
360,CAR
361,CAR
362,CAR
363,CAR
364,CAR
365,CAR
366,CAR
367,CAR
368,CAR
369,CAR
370,CAR
371,CAR
372,CAR
373,CAR
374,CAR
375,CAR
376,CAR
377,CAR
378,CAR
379,CAR
380,CAR
381,CAR
382,CAR
383,CAR
384,CAR
385,CAR
386,CAR
387,CAR
388,CAR
389,CAR
390,CAR
391,CAR
392,CAR
393,CAR
394,CAR
395,CAR
396,CAR
397,CAR
398,CAR
399,CAR
400,CAR
401,CAR
402,CAR
403,CAR
404,CAR
405,CAR
406,CAR
407,CAR
408,CAR
409,CAR
410,CAR
411,CAR
412,CAR
413,CAR
414,CAR
415,CAR
416,CAR
417,CAR
418,CAR
419,CAR
420,CAR
421,CAR
422,CAR
423,CAR
424,CAR
425,CAR
426,CAR
427,CAR
428,CAR
429,CAR
430,CAR
431,CAR
432,CAR
433,CAR
434,CAR
435,CAR
436,CAR
437,CAR
438,CAR
439,CAR
440,CAR
441,CAR
442,CAR
443,CAR
444,CAR
445,CAR
446,CAR
447,CAR
448,CAR
449,CAR
450,CAR
451,CAR
452,CAR
453,CAR
454,CAR
455,CAR
456,CAR
457,CAR
458,CAR
459,CAR
460,CAR
461,CAR
462,CAR
463,CAR
464,CAR
465,CAR
466,CAR
467,CAR
468,CAR
469,CAR
470,CAR
471,CAR
472,CAR
473,CAR
474,CAR
475,CAR
476,CAR
477,CAR
478,CAR
479,CAR
480,CAR
481,CAR
482,CAR
483,CAR
484,CAR
485,CAR
486,CAR
487,CAR
488,CAR
489,CAR
490,CAR
491,CAR
492,CAR
493,CAR
494,CAR
495,CAR
496,CAR
497,CAR
498,CAR
499,CAR
500,CAR
501,CAR
502,CAR
503,CAR
504,CAR
505,CAR
506,CAR
507,CAR
508,CAR
509,CAR
510,CAR
511,CAR
512,CAR
513,CAR
514,CAR
515,CAR
516,CAR
517,CAR
518,CAR
519,CAR
520,CAR
521,CAR
522,CAR
523,CAR
524,CAR
525,CAR
526,CAR
527,CAR
528,CAR
529,CAR
530,CAR
531,CAR
532,CAR
533,CAR
534,CAR
535,CAR
536,CAR
537,CAR
538,CAR
539,CAR
540,CAR
541,CAR
542,CAR
543,CAR
544,CAR
545,CAR
546,CAR
547,CAR
548,CAR
549,CAR
550,CAR
551,CAR
552,CAR
553,CAR
554,CAR
555,CAR
556,CAR
557,CAR
558,CAR
559,CAR
560,CAR
561,CAR
562,CAR
563,CAR
564,CAR
565,CAR
566,CAR
567,CAR
568,CAR
569,CAR
570,CAR
571,CAR
572,CAR
573,CAR
574,CAR
575,CAR
576,CAR
577,CAR
578,CAR
579,CAR
580,CAR
581,CAR
582,CAR
583,CAR
584,CAR
585,CAR
586,CAR
587,CAR
588,CAR
589,CAR
590,CAR
591,CAR
592,CAR
593,CAR
594,CAR
595,CAR
596,CAR
597,CAR
598,CAR
599,CAR
600,CAR
601,CAR
602,CAR
603,CAR
604,CAR
605,CAR
606,CAR
607,CAR
608,CAR
609,CAR
610,CAR
611,CAR
612,CAR
613,CAR
614,CAR
615,CAR
616,CAR
617,CAR
618,CAR
619,CAR
620,CAR
621,CAR
622,CAR
623,CAR
624,CAR
625,CAR
626,CAR
627,CAR
628,CAR
629,CAR
630,CAR
631,CAR
632,CAR
633,CAR
634,CAR
635,CAR
636,CAR
637,CAR
638,CAR
639,CAR
640,CAR
641,CAR
642,CAR
643,CAR
644,CAR
645,CAR
646,CAR
647,CAR
648,CAR
649,CAR
650,CAR
651,CAR
652,CAR
653,CAR
654,CAR
655,CAR
656,CAR
657,CAR
658,CAR
659,CAR
660,CAR
661,CAR
662,CAR
663,CAR
664,CAR
665,CAR
666,CAR
667,CAR
668,CAR
669,CAR
670,CAR
671,CAR
672,CAR
673,CAR
674,CAR
675,CAR
676,CAR
677,CAR
678,CAR
679,CAR
680,CAR
681,CAR
682,CAR
683,CAR
684,CAR
685,CAR
686,CAR
687,CAR
688,CAR
689,CAR
690,CAR
691,CAR
692,CAR
693,CAR
694,CAR
695,CAR
696,CAR
697,CAR
698,CAR
699,CAR
700,CAR
701,CAR
702,CAR
703,CAR
704,CAR
705,CAR
706,CAR
707,CAR
708,CAR
709,CAR
710,CAR
711,CAR
712,CAR
713,CAR
714,CAR
715,CAR
716,CAR
717,CAR
718,CAR
719,CAR
720,CAR
721,CAR
722,CAR
723,CAR
724,CAR
725,CAR
726,CAR
727,CAR
728,CAR
729,CAR
730,CAR
731,CAR
732,CAR
733,CAR
734,CAR
735,CAR
736,CAR
737,CAR
738,CAR
739,CAR
740,CAR
741,CAR
742,CAR
743,CAR
744,CAR
745,CAR
746,CAR
747,CAR
748,CAR
749,CAR
750,CAR
751,CAR
752,CAR
753,CAR
754,CAR
755,CAR
756,CAR
757,CAR
758,CAR
759,CAR
760,CAR
761,CAR
762,CAR
763,CAR
764,CAR
765,CAR
766,CAR
767,CAR
768,CAR
769,CAR
770,CAR
771,CAR
772,CAR
773,CAR
774,CAR
775,CAR
776,CAR
777,CAR
778,CAR
779,CAR
780,CAR
781,CAR
782,CAR
783,CAR
784,CAR
785,CAR
786,CAR
787,CAR
788,CAR
789,CAR
790,CAR
791,CAR
792,CAR
793,CAR
794,CAR
795,CAR
796,CAR
797,CAR
798,CAR
799,CAR
800,CAR
801,CAR
802,CAR
803,CAR
804,CAR
805,CAR
806,CAR
807,CAR
808,CAR
809,CAR
810,CAR
811,CAR
812,CAR
813,CAR
814,CAR
815,CAR
816,CAR
817,CAR
818,CAR
819,CAR
820,CAR
821,CAR
822,CAR
823,CAR
824,CAR
825,CAR
826,CAR
827,CAR
828,CAR
829,CAR
830,CAR
831,CAR
832,CAR
833,CAR
834,CAR
835,CAR
836,CAR
837,CAR
838,CAR
839,CAR
840,CAR
841,CAR
842,CAR
843,CAR
844,CAR
845,CAR
846,CAR
847,CAR
848,CAR
849,CAR
850,CAR
851,CAR
852,CAR
853,CAR
854,CAR
855,CAR
856,CAR
857,CAR
858,CAR
859,CAR
860,CAR
861,CAR
862,CAR
863,CAR
864,CAR
865,CAR
866,CAR
867,CAR
868,CAR
869,CAR
870,CAR
871,CAR
872,CAR
873,CAR
874,CAR
875,CAR
876,CAR
877,CAR
878,CAR
879,CAR
880,CAR
881,CAR
882,CAR
883,CAR
884,CAR
885,CAR
886,CAR
887,CAR
888,CAR
889,CAR
890,CAR
891,CAR
892,CAR
893,CAR
894,CAR
895,CAR
896,CAR
897,CAR
898,CAR
899,CAR
900,CAR
901,CAR
902,CAR
903,CAR
904,CAR
905,CAR
906,CAR
907,CAR
908,CAR
909,CAR
910,CAR
911,CAR
912,CAR
913,CAR
914,CAR
915,CAR
916,CAR
917,CAR
918,CAR
919,CAR
920,CAR
921,CAR
922,CAR
923,CAR
924,CAR
925,CAR
926,CAR
927,CAR
928,CAR
929,CAR
930,CAR
931,CAR
932,CAR
933,CAR
934,CAR
935,CAR
936,CAR
937,CAR
938,CAR
939,CAR
940,CAR
941,CAR
942,CAR
943,CAR
944,CAR
945,CAR
946,CAR
947,CAR
948,CAR
949,CAR
950,CAR
951,CAR
952,CAR
953,CAR
954,CAR
955,CAR
956,CAR
957,CAR
958,CAR
959,CAR
960,CAR
961,CAR
962,CAR
963,CAR
964,CAR
965,CAR
966,CAR
967,CAR
968,CAR
969,CAR
970,CAR
971,CAR
972,CAR
973,CAR
974,CAR
975,CAR
976,CAR
977,CAR
978,CAR
979,CAR
980,CAR
981,CAR
982,CAR
983,CAR
984,CAR
985,CAR
986,CAR
987,CAR
988,CAR
989,CAR
990,CAR
991,CAR
992,CAR
993,CAR
994,CAR
995,CAR
996,CAR
997,CAR
998,CAR
999,CAR
1000,CAR
1001,CAR
1002,CAR
1003,CAR
1004,CAR
1005,CAR
1006,CAR
1007,CAR
1008,CAR
1009,CAR
1010,CAR
1011,CAR
1012,CAR
1013,CAR
1014,CAR
1015,CAR
1016,CAR
1017,CAR
1018,CAR
1019,CAR
1020,CAR
1021,CAR
1022,CAR
1023,CAR
1024,CAR
1025,CAR
1026,CAR
1027,CAR
1028,CAR
1029,CAR
1030,CAR
1031,CAR
1032,CAR
1033,CAR
1034,CAR
1035,CAR
1036,CAR
1037,CAR
1038,CAR
1039,CAR
1040,CAR
1041,CAR
1042,CAR
1043,CAR
1044,CAR
1045,CAR
1046,CAR
1047,CAR
1048,CAR
1049,CAR
1050,CAR
1051,CAR
1052,CAR
1053,CAR
1054,CAR
1055,CAR
1056,CAR
1057,CAR
1058,CAR
1059,CAR
1060,CAR
1061,CAR
1062,CAR
1063,CAR
1064,CAR
1065,CAR
1066,CAR
1067,CAR
1068,CAR
1069,CAR
1070,CAR
1071,CAR
1072,CAR
1073,CAR
1074,CAR
1075,CAR
1076,CAR
1077,CAR
1078,CAR
1079,CAR
1080,CAR
1081,CAR
1082,CAR
1083,CAR
1084,CAR
1085,CAR
1086,CAR
1087,CAR
1088,CAR
1089,CAR
1090,CAR
1091,CAR
1092,CAR
1093,CAR
1094,CAR
1095,CAR
1096,CAR
1097,CAR
1098,CAR
1099,CAR
1100,CAR
1101,CAR
1102,CAR
1103,CAR
1104,CAR
1105,CAR
1106,CAR
1107,CAR
1108,CAR
1109,CAR
1110,CAR
1111,CAR
1112,CAR
1113,CAR
1114,CAR
1115,CAR
1116,CAR
1117,CAR
1118,CAR
1119,CAR
1120,CAR
1121,CAR
1122,CAR
1123,CAR
1124,CAR
1125,CAR
1126,CAR
1127,CAR
1128,CAR
1129,CAR
1130,CAR
1131,CAR
1132,CAR
1133,CAR
1134,CAR
1135,CAR
1136,CAR
1137,CAR
1138,CAR
1139,CAR
1140,CAR
1141,CAR
1142,CAR
1143,CAR
1144,CAR
1145,CAR
1146,CAR
1147,CAR
1148,CAR
1149,CAR
1150,CAR
1151,CAR
1152,CAR
1153,CAR
1154,CAR
1155,CAR
1156,CAR
1157,CAR
1158,CAR
1159,CAR
1160,CAR
1161,CAR
1162,CAR
1163,CAR
1164,CAR
1165,CAR
1166,CAR
1167,CAR
1168,CAR
1169,CAR
1170,CAR
1171,CAR
1172,CAR
1173,CAR
1174,CAR
1175,CAR
1176,CAR
1177,CAR
1178,CAR
1179,CAR
1180,CAR
1181,CAR
1182,CAR
1183,CAR
1184,CAR
1185,CAR
1186,CAR
1187,CAR
1188,CAR
1189,CAR
1190,CAR
1191,CAR
1192,CAR
1193,CAR
1194,CAR
1195,CAR
1196,CAR
1197,CAR
1198,CAR
1199,CAR
1200,CAR
1201,CAR
1202,CAR
1203,CAR
1204,CAR
1205,CAR
1206,CAR
1207,CAR
1208,CAR
1209,CAR
1210,CAR
1211,CAR
1212,CAR
1213,CAR
1214,CAR
1215,CAR
1216,CAR
1217,CAR
1218,CAR
1219,CAR
1220,CAR
1221,CAR
1222,CAR
1223,CAR
1224,CAR
1225,CAR
1226,CAR
1227,CAR
1228,CAR
1229,CAR
1230,CAR
1231,CAR
1232,CAR
1233,CAR
1234,CAR
1235,CAR
1236,CAR
1237,CAR
1238,CAR
1239,CAR
1240,CAR
1241,CAR
1242,CAR
1243,CAR
1244,CAR
1245,CAR
1246,CAR
1247,CAR
1248,CAR
1249,CAR
1250,CAR
1251,CAR
1252,CAR
1253,CAR
1254,CAR
1255,CAR
1256,CAR
1257,CAR
1258,CAR
1259,CAR
1260,CAR
1261,CAR
1262,CAR
1263,CAR
1264,CAR
1265,CAR
1266,CAR
1267,CAR
1268,CAR
1269,CAR
1270,CAR
1271,CAR
1272,CAR
1273,CAR
1274,CAR
1275,CAR
1276,CAR
1277,CAR
1278,CAR
1279,CAR
1280,CAR
1281,CAR
1282,CAR
1283,CAR
1284,CAR
1285,CAR
1286,CAR
1287,CAR
1288,CAR
1289,CAR
1290,CAR
1291,CAR
1292,CAR
1293,CAR
1294,CAR
1295,CAR
1296,CAR
1297,CAR
1298,CAR
1299,CAR
1300,CAR
1301,CAR
1302,CAR
1303,CAR
1304,CAR
1305,CAR
1306,CAR
1307,CAR
1308,CAR
1309,CAR
1310,CAR
1311,CAR
1312,CAR
1313,CAR
1314,CAR
1315,CAR
1316,CAR
1317,CAR
1318,CAR
1319,CAR
1320,CAR
1321,CAR
1322,CAR
1323,CAR
1324,CAR
1325,CAR
1326,CAR
1327,CAR
1328,CAR
1329,CAR
1330,CAR
1331,CAR
1332,CAR
1333,CAR
1334,CAR
1335,CAR
1336,CAR
1337,CAR
1338,CAR
1339,CAR
1340,CAR
1341,CAR
1342,CAR
1343,CAR
1344,CAR
1345,CAR
1346,CAR
1347,CAR
1348,CAR
1349,CAR
1350,CAR
1351,CAR
1352,CAR
1353,CAR
1354,CAR
1355,CAR
1356,CAR
1357,CAR
1358,CAR
1359,CAR
1360,CAR
1361,CAR
1362,CAR
1363,CAR
1364,CAR
1365,CAR
1366,CAR
1367,CAR
1368,CAR
1369,CAR
1370,CAR
1371,CAR
1372,CAR
1373,CAR
1374,CAR
1375,CAR
1376,CAR
1377,CAR
1378,CAR
1379,CAR
1380,CAR
1381,CAR
1382,CAR
1383,CAR
1384,CAR
1385,CAR
1386,CAR
1387,CAR
1388,CAR
1389,CAR
1390,CAR
1391,CAR
1392,CAR
1393,CAR
1394,CAR
1395,CAR
1396,CAR
1397,CAR
1398,CAR
1399,CAR
1400,CAR
1401,CAR
1402,CAR
1403,CAR
1404,CAR
1405,CAR
1406,CAR
1407,CAR
1408,CAR
1409,CAR
1410,CAR
1411,CAR
1412,CAR
1413,CAR
1414,CAR
1415,CAR
1416,CAR
1417,CAR
1418,CAR
1419,CAR
1420,CAR
1421,CAR
1422,CAR
1423,CAR
1424,CAR
1425,CAR
1426,CAR
1427,CAR
1428,CAR
1429,CAR
1430,CAR
1431,CAR
1432,CAR
1433,CAR
1434,CAR
1435,CAR
1436,CAR
1437,CAR
1438,CAR
1439,CAR
1440,CAR
1441,CAR
1442,CAR
1443,CAR
1444,CAR
1445,CAR
1446,CAR
1447,CAR
1448,CAR
1449,CAR
1450,CAR
1451,CAR
1452,CAR
1453,CAR
1454,CAR
1455,CAR
1456,CAR
1457,CAR
1458,CAR
1459,CAR
1460,CAR
1461,CAR
1462,CAR
1463,CAR
1464,CAR
1465,CAR
1466,CAR
1467,CAR
1468,CAR
1469,CAR
1470,CAR
1471,CAR
1472,CAR
1473,CAR
1474,CAR
1475,CAR
1476,CAR
1477,CAR
1478,CAR
1479,CAR
1480,CAR
1481,CAR
1482,CAR
1483,CAR
1484,CAR
1485,CAR
1486,CAR
1487,CAR
1488,CAR
1489,CAR
1490,CAR
1491,CAR
1492,CAR
1493,CAR
1494,CAR
1495,CAR
1496,CAR
1497,CAR
1498,CAR
1499,CAR
1500,CAR
1501,CAR
1502,CAR
1503,CAR
1504,CAR
1505,CAR
1506,CAR
1507,CAR
1508,CAR
1509,CAR
1510,CAR
1511,CAR
1512,CAR
1513,CAR
1514,CAR
1515,CAR
1516,CAR
1517,CAR
1518,CAR
1519,CAR
1520,CAR
1521,CAR
1522,CAR
1523,CAR
1524,CAR
1525,CAR
1526,CAR
1527,CAR
1528,CAR
1529,CAR
1530,CAR
1531,CAR
1532,CAR
1533,CAR
1534,CAR
1535,CAR
1536,CAR
1537,CAR
1538,CAR
1539,CAR
1540,CAR
1541,CAR
1542,CAR
1543,CAR
1544,CAR
1545,CAR
1546,CAR
1547,CAR
1548,CAR
1549,CAR
1550,CAR
1551,CAR
1552,CAR
1553,CAR
1554,CAR
1555,CAR
1556,CAR
1557,CAR
1558,CAR
1559,CAR
1560,CAR
1561,CAR
1562,CAR
1563,CAR
1564,CAR
1565,CAR
1566,CAR
1567,CAR
1568,CAR
1569,CAR
1570,CAR
1571,CAR
1572,CAR
1573,CAR
1574,CAR
1575,CAR
1576,CAR
1577,CAR
1578,CAR
1579,CAR
1580,CAR
1581,CAR
1582,CAR
1583,CAR
1584,CAR
1585,CAR
1586,CAR
1587,CAR
1588,CAR
1589,CAR
1590,CAR
1591,CAR
1592,CAR
1593,CAR
1594,CAR
1595,CAR
1596,CAR
1597,CAR
1598,CAR
1599,CAR
1600,CAR
1601,CAR
1602,CAR
1603,CAR
1604,CAR
1605,CAR
1606,CAR
1607,CAR
1608,CAR
1609,CAR
1610,CAR
1611,CAR
1612,CAR
1613,CAR
1614,CAR
1615,CAR
1616,CAR
1617,CAR
1618,CAR
1619,CAR
1620,CAR
1621,CAR
1622,CAR
1623,CAR
1624,CAR
1625,CAR
1626,CAR
1627,CAR
1628,CAR
1629,CAR
1630,CAR
1631,CAR
1632,CAR
1633,CAR
1634,CAR
1635,CAR
1636,CAR
1637,CAR
1638,CAR
1639,CAR
1640,CAR
1641,CAR
1642,CAR
1643,CAR
1644,CAR
1645,CAR
1646,CAR
1647,CAR
1648,CAR
1649,CAR
1650,CAR
1651,CAR
1652,CAR
1653,CAR
1654,CAR
1655,CAR
1656,CAR
1657,CAR
1658,CAR
1659,CAR
1660,CAR
1661,CAR
1662,CAR
1663,CAR
1664,CAR
1665,CAR
1666,CAR
1667,CAR
1668,CAR
1669,CAR
1670,CAR
1671,CAR
1672,CAR
1673,CAR
1674,CAR
1675,CAR
1676,CAR
1677,CAR
1678,CAR
1679,CAR
1680,CAR
1681,CAR
1682,CAR
1683,CAR
1684,CAR
1685,CAR
1686,CAR
1687,CAR
1688,CAR
1689,CAR
1690,CAR
1691,CAR
1692,CAR
1693,CAR
1694,CAR
1695,CAR
1696,CAR
1697,CAR
1698,CAR
1699,CAR
1700,CAR
1701,CAR
1702,CAR
1703,CAR
1704,CAR
1705,CAR
1706,CAR
1707,CAR
1708,CAR
1709,CAR
1710,CAR
1711,CAR
1712,CAR
1713,CAR
1714,CAR
1715,CAR
1716,CAR
1717,CAR
1718,CAR
1719,CAR
1720,CAR
1721,CAR
1722,CAR
1723,CAR
1724,CAR
1725,CAR
1726,CAR
1727,CAR
1728,CAR
1729,CAR
1730,CAR
1731,CAR
1732,CAR
1733,CAR
1734,CAR
1735,CAR
1736,CAR
1737,CAR
1738,CAR
1739,CAR
1740,CAR
1741,CAR
1742,CAR
1743,CAR
1744,CAR
1745,CAR
1746,CAR
1747,CAR
1748,CAR
1749,CAR
1750,CAR
1751,CAR
1752,CAR
1753,CAR
1754,CAR
1755,CAR
1756,CAR
1757,CAR
1758,CAR
1759,CAR
1760,CAR
1761,CAR
1762,CAR
1763,CAR
1764,CAR
1765,CAR
1766,CAR
1767,CAR
1768,CAR
1769,CAR
1770,CAR
1771,CAR
1772,CAR
1773,CAR
1774,CAR
1775,CAR
1776,CAR
1777,CAR
1778,CAR
1779,CAR
1780,CAR
1781,CAR
1782,CAR
1783,CAR
1784,CAR
1785,CAR
1786,CAR
1787,CAR
1788,CAR
1789,CAR
1790,CAR
1791,CAR
1792,CAR
1793,CAR
1794,CAR
1795,CAR
1796,CAR
1797,CAR
1798,CAR
1799,CAR
1800,CAR
1801,CAR
1802,CAR
1803,CAR
1804,CAR
1805,CAR
1806,CAR
1807,CAR
1808,CAR
1809,CAR
1810,CAR
1811,CAR
1812,CAR
1813,CAR
1814,CAR
1815,CAR
1816,CAR
1817,CAR
1818,CAR
1819,CAR
1820,CAR
1821,CAR
1822,CAR
1823,CAR
1824,CAR
1825,CAR
1826,CAR
1827,CAR
1828,CAR
1829,CAR
1830,CAR
1831,CAR
1832,CAR
1833,CAR
1834,CAR
1835,CAR
1836,CAR
1837,CAR
1838,CAR
1839,CAR
1840,CAR
1841,CAR
1842,CAR
1843,CAR
1844,CAR
1845,CAR
1846,CAR
1847,CAR
1848,CAR
1849,CAR
1850,CAR
1851,CAR
1852,CAR
1853,CAR
1854,CAR
1855,CAR
1856,CAR
1857,CAR
1858,CAR
1859,CAR
1860,CAR
1861,CAR
1862,CAR
1863,CAR
1864,CAR
1865,CAR
1866,CAR
1867,CAR
1868,CAR
1869,CAR
1870,CAR
1871,CAR
1872,CAR
1873,CAR
1874,CAR
1875,CAR
1876,CAR
1877,CAR
1878,CAR
1879,CAR
1880,CAR
1881,CAR
1882,CAR
1883,CAR
1884,CAR
1885,CAR
1886,CAR
1887,CAR
1888,CAR
1889,CAR
1890,CAR
1891,CAR
1892,CAR
1893,CAR
1894,CAR
1895,CAR
1896,CAR
1897,CAR
1898,CAR
1899,CAR
1900,CAR
1901,CAR
1902,CAR
1903,CAR
1904,CAR
1905,CAR
1906,CAR
1907,CAR
1908,CAR
1909,CAR
1910,CAR
1911,CAR
1912,CAR
1913,CAR
1914,CAR
1915,CAR
1916,CAR
1917,CAR
1918,CAR
1919,CAR
1920,CAR
1921,CAR
1922,CAR
1923,CAR
1924,CAR
1925,CAR
1926,CAR
1927,CAR
1928,CAR
1929,CAR
1930,CAR
1931,CAR
1932,CAR
1933,CAR
1934,CAR
1935,CAR
1936,CAR
1937,CAR
1938,CAR
1939,CAR
1940,CAR
1941,CAR
1942,CAR
1943,CAR
1944,CAR
1945,CAR
1946,CAR
1947,CAR
1948,CAR
1949,CAR
1950,CAR
1951,CAR
1952,CAR
1953,CAR
1954,CAR
1955,CAR
1956,CAR
1957,CAR
1958,CAR
1959,CAR
1960,CAR
1961,CAR
1962,CAR
1963,CAR
1964,CAR
1965,CAR
1966,CAR
1967,CAR
1968,CAR
1969,CAR
1970,CAR
1971,CAR
1972,CAR
1973,CAR
1974,CAR
1975,CAR
1976,CAR
1977,CAR
1978,CAR
1979,CAR
1980,CAR
1981,CAR
1982,CAR
1983,CAR
1984,CAR
1985,CAR
1986,CAR
1987,CAR
1988,CAR
1989,CAR
1990,CAR
1991,CAR
1992,CAR
1993,CAR
1994,CAR
1995,CAR
1996,CAR
1997,CAR
1998,CAR
1999,CAR
2000,CAR
2001,CAR
2002,CAR
2003,CAR
2004,CAR
2005,CAR
2006,CAR
2007,CAR
2008,CAR
2009,CAR
2010,CAR
2011,CAR
2012,CAR
2013,CAR
2014,CAR
2015,CAR
2016,CAR
2017,CAR
2018,CAR
2019,CAR
2020,CAR
2021,CAR
2022,CAR
2023,CAR
2024,CAR
2025,CAR
2026,CAR
2027,CAR
2028,CAR
2029,CAR
2030,CAR
2031,CAR
2032,CAR
2033,CAR
2034,CAR
2035,CAR
2036,CAR
2037,CAR
2038,CAR
2039,CAR
2040,CAR
2041,CAR
2042,CAR
2043,CAR
2044,CAR
2045,CAR
2046,CAR
2047,CAR
2048,CAR
2049,CAR
2050,CAR
2051,CAR
2052,CAR
2053,CAR
2054,CAR
2055,CAR
2056,CAR
2057,CAR
2058,CAR
2059,CAR
2060,CAR
2061,CAR
2062,CAR
2063,CAR
2064,CAR
2065,CAR
2066,CAR
2067,CAR
2068,CAR
2069,CAR
2070,CAR
2071,CAR
2072,CAR
2073,CAR
2074,CAR
2075,CAR
2076,CAR
2077,CAR
2078,CAR
2079,CAR
2080,CAR
2081,CAR
2082,CAR
2083,CAR
2084,CAR
2085,CAR
2086,CAR
2087,CAR
2088,CAR
2089,CAR
2090,CAR
2091,CAR
2092,CAR
2093,CAR
2094,CAR
2095,CAR
2096,CAR
2097,CAR
2098,CAR
2099,CAR
2100,CAR
2101,CAR
2102,CAR
2103,CAR
2104,CAR
2105,CAR
2106,CAR
2107,CAR
2108,CAR
2109,CAR
2110,CAR
2111,CAR
2112,CAR
2113,CAR
2114,CAR
2115,CAR
2116,CAR
2117,CAR
2118,CAR
2119,CAR
2120,CAR
2121,CAR
2122,CAR
2123,CAR
2124,CAR
2125,CAR
2126,CAR
2127,CAR
2128,CAR
2129,CAR
2130,CAR
2131,CAR
2132,CAR
2133,CAR
2134,CAR
2135,CAR
2136,CAR
2137,CAR
2138,CAR
2139,CAR
2140,CAR
2141,CAR
2142,CAR
2143,CAR
2144,CAR
2145,CAR
2146,CAR
2147,CAR
2148,CAR
2149,CAR
2150,CAR
2151,CAR
2152,CAR
2153,CAR
2154,CAR
2155,CAR
2156,CAR
2157,CAR
2158,CAR
2159,CAR
2160,CAR
2161,CAR
2162,CAR
2163,CAR
2164,CAR
2165,CAR
2166,CAR
2167,CAR
2168,CAR
2169,CAR
2170,CAR
2171,CAR
2172,CAR
2173,CAR
2174,CAR
2175,CAR
2176,CAR
2177,CAR
2178,CAR
2179,CAR
2180,CAR
2181,CAR
2182,CAR
2183,CAR
2184,CAR
2185,CAR
2186,CAR
2187,CAR
2188,CAR
2189,CAR
2190,CAR
2191,CAR
2192,CAR
2193,CAR
2194,CAR
2195,CAR
2196,CAR
2197,CAR
2198,CAR
2199,CAR
2200,CAR
2201,CAR
2202,CAR
2203,CAR
2204,CAR
2205,CAR
2206,CAR
2207,CAR
2208,CAR
2209,CAR
2210,CAR
2211,CAR
2212,CAR
2213,CAR
2214,CAR
2215,CAR
2216,CAR
2217,CAR
2218,CAR
2219,CAR
2220,CAR
2221,CAR
2222,CAR
2223,CAR
2224,CAR
2225,CAR
2226,CAR
2227,CAR
2228,CAR
2229,CAR
2230,CAR
2231,CAR
2232,CAR
2233,CAR
2234,CAR
2235,CAR
2236,CAR
2237,CAR
2238,CAR
2239,CAR
2240,CAR
2241,CAR
2242,CAR
2243,CAR
2244,CAR
2245,CAR
2246,CAR
2247,CAR
2248,CAR
2249,CAR
2250,CAR
2251,CAR
2252,CAR
2253,CAR
2254,CAR
2255,CAR
2256,CAR
2257,CAR
2258,CAR
2259,CAR
2260,CAR
2261,CAR
2262,CAR
2263,CAR
2264,CAR
2265,CAR
2266,CAR
2267,CAR
2268,CAR
2269,CAR
2270,CAR
2271,CAR
2272,CAR
2273,CAR
2274,CAR
2275,CAR
2276,CAR
2277,CAR
2278,CAR
2279,CAR
2280,CAR
2281,CAR
2282,CAR
2283,CAR
2284,CAR
2285,CAR
2286,CAR
2287,CAR
2288,CAR
2289,CAR
2290,CAR
2291,CAR
2292,CAR
2293,CAR
2294,CAR
2295,CAR
2296,CAR
2297,CAR
2298,CAR
2299,CAR
2300,CAR
2301,CAR
2302,CAR
2303,CAR
2304,CAR
2305,CAR
2306,CAR
2307,CAR
2308,CAR
2309,CAR
2310,CAR
2311,CAR
2312,CAR
2313,CAR
2314,CAR
2315,CAR
2316,CAR
2317,CAR
2318,CAR
2319,CAR
2320,CAR
2321,CAR
2322,CAR
2323,CAR
2324,CAR
2325,CAR
2326,CAR
2327,CAR
2328,CAR
2329,CAR
2330,CAR
2331,CAR
2332,CAR
2333,CAR
2334,CAR
2335,CAR
2336,CAR
2337,CAR
2338,CAR
2339,CAR
2340,CAR
2341,CAR
2342,CAR
2343,CAR
2344,CAR
2345,CAR
2346,CAR
2347,CAR
2348,CAR
2349,CAR
2350,CAR
2351,CAR
2352,CAR
2353,CAR
2354,CAR
2355,CAR
2356,CAR
2357,CAR
2358,CAR
2359,CAR
2360,CAR
2361,CAR
2362,CAR
2363,CAR
2364,CAR
2365,CAR
2366,CAR
2367,CAR
2368,CAR
2369,CAR
2370,CAR
2371,CAR
2372,CAR
2373,CAR
2374,CAR
2375,CAR
2376,CAR
2377,CAR
2378,CAR
2379,CAR
2380,CAR
2381,CAR
2382,CAR
2383,CAR
2384,CAR
2385,CAR
2386,CAR
2387,CAR
2388,CAR
2389,CAR
2390,CAR
2391,CAR
2392,CAR
2393,CAR
2394,CAR
2395,CAR
2396,CAR
2397,CAR
2398,CAR
2399,CAR
2400,CAR
2401,CAR
2402,CAR
2403,CAR
2404,CAR
2405,CAR
2406,CAR
2407,CAR
2408,CAR
2409,CAR
2410,CAR
2411,CAR
2412,CAR
2413,CAR
2414,CAR
2415,CAR
2416,CAR
2417,CAR
2418,CAR
2419,CAR
2420,CAR
2421,CAR
2422,CAR
2423,CAR
2424,CAR
2425,CAR
2426,CAR
2427,CAR
2428,CAR
2429,CAR
2430,CAR
2431,CAR
2432,CAR
2433,CAR
2434,CAR
2435,CAR
2436,CAR
2437,CAR
2438,CAR
2439,CAR
2440,CAR
2441,CAR
2442,CAR
2443,CAR
2444,CAR
2445,CAR
2446,CAR
2447,CAR
2448,CAR
2449,CAR
2450,CAR
2451,CAR
2452,CAR
2453,CAR
2454,CAR
2455,CAR
2456,CAR
2457,CAR
2458,CAR
2459,CAR
2460,CAR
2461,CAR
2462,CAR
2463,CAR
2464,CAR
2465,CAR
2466,CAR
2467,CAR
2468,CAR
2469,CAR
2470,CAR
2471,CAR
2472,CAR
2473,CAR
2474,CAR
2475,CAR
2476,CAR
2477,CAR
2478,CAR
2479,CAR
2480,CAR
2481,CAR
2482,CAR
2483,CAR
2484,CAR
2485,CAR
2486,CAR
2487,CAR
2488,CAR
2489,CAR
2490,CAR
2491,CAR
2492,CAR
2493,CAR
2494,CAR
2495,CAR
2496,CAR
2497,CAR
2498,CAR
2499,CAR
2500,CAR
